feature,weight
helpfulness_ratio,0.9999979743740188
freshness,2.025625981161695e-06
sentiment,1.2366871613454127e-39
review_length,1.454037404945233e-45
