Metric,Baseline,ACO
Correlation,0.29523443337017724,0.3771513778689363
Precision@K,0.12,0.5
NDCG,0.6171485766403764,0.8089174205418723
